1,243,1644,11:42,8406,14:26,15
2,112,12182,13:40,2211,13:27,22
3,168,6027,14:50,5412,14:24,18
4,177,8091,14:09,5800,14:50,17
5,45,10776,11:05,10129,12:51,8
6,230,9761,11:52,4169,13:09,5
7,91,256,11:09,5899,13:38,14
8,199,10486,12:14,5411,12:49,13
9,13,5139,12:34,1152,13:45,7
10,224,8613,11:43,11466,13:14,20
11,216,7942,14:40,4119,11:10,3
12,156,12577,12:16,5163,12:10,10
13,31,1905,14:08,5121,11:04,12
14,96,305,13:55,289,14:23,3
15,182,11658,11:03,4010,14:24,8
16,186,11555,12:58,5040,14:35,11
17,177,9998,11:22,4749,12:19,7
18,60,11100,13:06,9704,13:48,16
19,243,11183,14:54,4229,14:32,22
20,124,1494,14:27,1244,14:18,15
21,188,1956,14:43,1033,11:22,6
22,101,1574,14:02,7125,13:36,18
23,60,7721,12:09,42,11:58,11
24,239,148,12:08,7335,14:36,15
25,68,8874,11:26,8337,13:45,16
26,117,6698,11:38,4662,14:40,10
27,43,8943,14:23,11692,13:29,6
28,230,4770,14:55,933,12:36,15
29,13,97,11:18,7443,11:19,19
30,45,5768,14:29,6995,12:23,8
31,174,6919,13:20,6580,12:50,4
32,96,7556,14:28,12531,12:40,2
33,3,4684,12:57,10036,13:35,22
34,232,1593,11:50,4275,13:08,10
35,60,5619,11:51,1778,13:05,2
36,119,4868,11:03,83,11:25,15
37,63,2048,13:58,969,14:47,18
38,207,10376,13:28,10032,12:16,14
39,57,4491,12:55,8622,12:35,3
40,78,6746,13:48,9587,14:10,3
41,39,10318,13:02,8759,12:44,5
42,243,11195,14:23,8777,13:34,16
43,176,304,14:01,3531,11:46,3
44,43,7835,11:47,7998,14:36,16
45,220,2497,12:22,11408,11:08,9
46,69,10104,14:54,8705,14:56,7
47,92,8460,14:02,12374,13:01,12
48,35,382,14:08,4094,14:39,6
49,199,20,12:10,953,11:28,18
50,243,9587,11:59,8237,11:03,6
51,103,8510,13:29,3539,11:27,11
52,56,11513,13:14,12574,12:28,15
53,159,12114,12:04,1540,11:16,3
54,105,4359,11:45,6155,14:55,18
55,65,8266,14:36,11295,11:26,22
56,153,924,14:03,7915,12:36,23
57,96,2218,13:56,11912,11:09,11
58,206,9403,12:36,8180,14:33,4
59,229,1715,11:46,2485,13:30,11
60,222,11170,12:49,4567,11:20,21
61,132,3877,12:56,9419,11:11,2
62,116,6872,13:21,5260,11:10,2
63,34,10595,12:15,12659,11:24,1
64,56,11404,13:58,8065,13:03,6
65,6,9572,12:23,516,11:00,6
66,75,3365,13:15,2449,13:04,23
67,212,11498,13:06,11465,14:31,10
68,171,9978,12:19,9984,14:05,7
69,99,11755,11:08,8446,11:45,21
70,46,8043,14:42,2159,13:59,7
71,140,7147,12:20,12146,14:00,3
72,56,1650,13:31,6862,12:32,7
73,34,6379,12:12,1260,13:55,7
74,209,3419,11:50,152,13:12,8
75,17,8572,11:57,2021,12:06,23
76,87,7355,13:13,5172,11:48,6
77,187,7238,14:41,3995,11:14,12
78,222,2835,14:51,3756,13:18,13
79,30,5455,13:40,9527,12:14,9
80,177,6638,12:42,2473,11:42,4
81,101,2917,11:44,10849,12:13,6
82,174,8863,13:56,9546,11:54,4
83,120,9550,14:49,8481,14:42,2
84,90,7652,11:07,9650,14:20,2
85,73,7464,11:13,6890,12:23,6
86,95,1960,11:05,12665,14:34,8
87,70,5515,12:56,1027,14:14,19
88,162,4191,11:16,7081,11:53,11
89,179,2214,13:59,4428,11:03,12
90,40,1027,13:21,7208,11:47,5
91,25,10837,11:26,8567,14:57,23
92,144,904,13:36,12068,11:50,9
93,93,3404,13:29,11432,12:48,12
94,128,6497,11:49,10235,12:08,8
95,35,7996,14:55,7800,11:01,21
96,175,4947,11:40,9856,12:03,9
97,181,3476,11:50,4228,12:26,15
98,63,3286,14:17,9587,11:57,3
99,127,11682,12:26,12531,11:03,11
100,6,7589,11:50,3003,11:16,1
101,176,2350,11:03,6219,12:42,1
102,179,5715,13:15,7994,13:49,14
103,101,9210,11:55,5742,13:20,12
104,90,869,12:00,3977,12:25,3
105,124,9502,13:27,4615,14:03,19
106,168,3143,13:19,11231,11:21,16
107,179,6189,12:44,1266,11:15,3
108,231,7350,14:40,2266,13:31,3
109,177,11246,13:13,5028,11:24,12
110,85,2092,13:29,4973,13:35,15
111,130,5666,13:58,11578,13:03,22
112,18,4221,11:15,1915,14:00,15
113,173,10034,13:44,1671,11:04,12
114,110,10880,11:53,2787,11:18,7
115,101,6317,13:03,10332,13:34,8
116,183,10420,11:18,5490,11:13,16
117,33,10241,12:38,10202,11:41,15
118,132,653,11:57,1269,14:41,22
119,69,1832,12:17,11035,11:16,10
120,10,3572,12:17,1955,11:31,21
121,220,7326,13:01,5672,12:07,13
122,116,11417,14:23,10554,13:14,15
123,157,10292,14:12,4529,12:43,1
124,171,9432,12:39,6079,14:01,8
125,192,12514,11:16,6299,13:33,2
126,176,9598,11:12,2451,13:49,3
127,138,3670,12:05,12095,11:53,6
128,128,4166,13:57,8485,14:42,6
129,210,4512,13:35,2852,13:48,24
130,105,2158,13:22,3764,12:14,14
131,181,6111,13:59,10481,14:17,24
132,165,11908,13:55,1283,12:16,5
133,228,11809,14:28,9482,14:13,12
134,7,12154,11:25,2059,14:36,18
135,66,7301,11:58,11195,13:37,23
136,87,9433,11:53,9707,11:54,21
137,134,8357,12:23,12366,14:41,14
138,166,7988,12:21,651,14:29,4
139,112,12335,11:51,723,14:57,24
140,28,11870,12:26,1006,14:30,6
141,78,9051,14:37,2304,14:59,19
142,228,110,13:43,8455,11:11,22
143,217,12300,11:32,6976,12:10,17
144,96,5552,12:03,6542,13:36,20
145,61,11270,13:02,3786,11:07,10
146,136,258,12:55,754,14:16,10
147,180,4259,14:03,11372,12:16,7
148,205,2193,13:35,9698,14:19,7
149,237,2812,13:14,6350,12:35,14
150,92,12578,14:53,5036,12:04,21
151,5,6174,11:54,4044,13:20,11
152,162,5241,12:41,4332,12:51,11
153,180,2805,13:57,4240,12:12,24
154,49,12048,12:41,7379,11:26,20
155,164,2938,12:25,6299,11:43,10
156,233,2841,12:19,9201,13:05,20
157,138,7660,13:59,4103,11:40,19
158,37,6712,14:16,45,12:24,11
159,87,4334,14:56,526,14:10,24
160,211,11824,14:39,4959,13:43,6
161,174,2454,11:12,8726,13:39,11
162,113,7325,12:11,2645,14:05,5
163,37,9752,11:06,1502,14:44,15
164,132,2253,12:45,9973,13:21,23
165,87,2814,13:39,11133,13:12,9
166,143,9336,11:56,7087,12:29,7
167,113,9998,14:22,10200,12:07,21
168,89,267,12:22,8495,14:55,15
169,82,4793,13:22,7800,12:38,22
170,85,6440,11:46,7055,12:47,2
171,41,1029,11:54,9969,12:28,2
172,152,4,14:05,5005,13:21,17
173,121,7963,14:02,89,14:59,23
174,177,3897,14:18,2829,13:16,15
175,129,683,14:58,8439,12:16,10
176,5,5475,13:20,6524,12:45,2
177,122,1823,12:24,8254,12:02,23
178,68,2402,13:30,12205,12:21,17
179,53,229,11:32,110,11:20,8
180,64,7630,13:05,11297,14:51,4
181,20,7285,11:55,6785,14:21,23
182,195,3865,13:48,12344,11:44,15
183,149,11013,11:33,11574,14:25,9
184,123,3474,13:15,1508,14:57,18
185,62,6087,11:24,2807,11:27,13
186,163,761,14:44,1041,12:53,7
187,136,11471,13:12,2071,11:23,2
188,118,8845,11:47,3355,13:42,9
189,217,9537,11:38,780,13:42,14
190,119,4957,12:40,12020,11:41,19
191,99,2301,12:26,4360,12:58,8
192,201,5495,14:27,6212,13:26,17
193,156,506,12:10,40,14:58,14
194,136,12492,14:08,10235,14:12,18
195,15,4,11:23,5316,12:26,9
196,65,5123,11:16,7762,11:58,12
197,163,7719,11:20,5261,11:19,7
198,244,12359,11:48,7814,12:39,10
199,50,5689,12:41,9477,11:28,17
200,61,1989,11:32,7783,13:40,12
201,82,11324,13:55,1837,11:10,21
202,238,379,12:24,11687,13:08,7
203,230,10025,12:09,9514,12:15,19
204,200,1,14:59,10513,11:58,17
205,141,5170,11:17,6923,11:28,5
206,222,3021,12:55,4423,11:11,21
207,189,5912,11:14,7077,11:17,9
208,107,4780,14:44,8387,14:29,19
209,191,3420,14:28,6502,13:56,24
210,21,9180,11:28,473,14:45,4
211,160,4235,11:29,11821,13:20,9
212,106,10055,13:26,5628,12:04,20
213,211,2838,12:43,5026,13:45,7
214,226,9677,14:36,4297,14:49,16
215,84,3032,13:02,2882,12:13,8
216,97,6023,11:59,6802,11:55,16
217,9,3979,11:01,5057,11:27,21
218,7,7290,12:01,12436,11:50,13
219,68,6603,14:33,295,13:56,24
220,225,5533,11:33,5004,13:06,3
221,235,4455,11:32,11014,14:57,17
222,44,1670,11:07,4579,14:04,2
223,100,9986,14:47,5415,14:13,23
224,147,10473,14:28,10339,13:50,24
225,221,10878,11:00,8076,14:13,2
226,106,8893,12:16,12508,14:48,5
227,147,8535,14:12,6468,11:09,9
228,53,5940,14:34,5498,13:36,14
229,72,5480,13:35,9100,11:29,15
230,212,2647,13:10,9210,13:06,24
231,222,823,11:29,5771,11:56,14
232,121,794,12:15,6079,11:00,14
233,138,4137,12:12,10144,12:06,1
234,46,8206,13:00,2608,13:22,11
235,63,12572,11:58,3312,12:22,20
236,124,9576,12:23,6378,13:23,10
237,104,10340,14:02,3843,14:01,9
238,156,11976,13:45,1706,14:56,17
239,160,4910,11:27,341,11:25,16
240,161,4457,14:46,10109,14:38,16
241,170,414,14:35,8261,13:02,16
242,88,6903,13:38,9722,12:08,23
243,228,5409,14:55,2343,12:15,17
244,184,6915,14:14,8933,11:57,22
245,135,7260,12:12,3052,11:08,15
246,84,8050,11:08,6014,12:20,5
247,219,8105,11:56,6043,12:40,5
248,53,3291,11:35,5163,11:44,14
249,47,12136,13:29,5017,12:42,8
250,24,8439,13:57,8496,11:26,22
251,11,7580,12:31,11541,14:24,2
252,192,37,11:06,6367,11:25,21
253,95,2202,12:55,4617,14:35,23
254,24,6123,14:27,4072,13:54,8
255,28,9585,12:50,8744,11:10,17
256,29,6985,13:56,9176,11:46,9
257,41,12314,14:07,1466,12:25,23
258,40,5288,12:26,5273,11:13,16
259,36,9748,11:19,9094,11:34,20
260,75,9069,12:20,1873,11:30,8
261,110,4739,13:56,10473,14:07,13
262,6,555,13:22,12062,14:52,12
263,11,2499,11:39,12173,14:11,20
264,27,1004,12:19,3774,12:25,8
265,188,5766,12:41,2856,14:12,16
266,77,5536,14:50,9604,11:22,16
267,150,9991,12:46,7110,14:53,4
268,18,7232,11:51,3107,11:01,12
269,70,9787,12:50,5159,11:41,4
270,94,1596,14:40,7182,12:29,1
271,62,7350,12:12,9128,11:50,3
272,187,3177,12:48,4884,13:06,22
273,236,6550,11:27,6369,12:36,13
274,128,6779,13:35,4353,12:28,17
275,184,9341,11:38,7065,13:03,19
276,107,3070,14:48,295,13:49,13
277,221,701,13:01,2735,12:36,18
278,116,4981,14:00,597,14:54,18
279,72,6421,13:40,732,13:55,19
280,125,2358,11:27,123,14:09,16
281,230,2039,12:48,6000,12:25,22
282,215,7486,14:29,4384,11:49,10
283,178,7616,12:07,2028,13:25,13
284,208,237,12:44,1483,14:58,20
285,43,2461,12:26,6730,14:51,10
286,169,2856,13:36,7186,12:04,1
287,14,2351,12:40,4653,12:17,11
288,195,7795,12:47,1860,11:58,24
289,101,8641,11:17,7535,11:22,1
290,19,10439,14:12,9888,12:33,19
291,8,5218,14:43,3534,11:28,14
292,142,7825,11:47,6313,13:24,19
293,167,3781,11:57,2353,14:31,19
294,58,12410,14:10,2759,13:59,3
295,195,3799,13:20,597,14:18,19
296,114,5240,13:02,1016,14:00,16
297,40,6159,11:19,5119,11:56,5
298,3,4562,11:53,1432,13:45,11
299,157,8620,12:05,4771,13:58,11
300,11,4214,11:21,2867,13:02,1
301,138,4015,13:10,1042,12:10,15
302,20,6986,12:58,695,13:37,3
303,12,105,11:08,12121,12:01,22
304,79,5621,11:08,7445,12:43,23
305,43,2659,13:46,8446,11:44,19
306,88,4648,13:31,11226,14:16,23
307,173,5389,14:45,11788,12:49,16
308,133,2187,12:38,3187,13:16,3
309,20,12232,11:11,8105,11:27,8
310,99,10078,14:03,5471,14:48,11
311,121,7238,12:05,11810,11:25,4
312,146,2974,13:33,5461,11:41,15
313,39,5417,12:17,9621,12:33,13
314,84,3344,14:04,7073,12:59,21
315,36,801,14:38,8900,14:57,15
316,74,6397,12:53,3963,12:55,20
317,222,8435,14:26,4209,11:20,16
318,34,2218,12:39,8193,11:45,1
319,188,422,14:44,2524,14:04,16
320,103,8562,12:36,3839,11:19,10
321,145,6900,13:00,5318,11:25,15
322,85,12394,13:57,546,13:45,1
323,130,11310,11:34,4739,11:35,1
324,141,9511,12:39,982,14:06,22
325,89,3893,12:12,3957,12:55,22
326,38,4576,14:48,9681,12:57,6
327,127,10097,11:23,1689,13:29,1
328,57,4106,13:26,2042,11:26,11
329,125,4241,11:58,4250,14:39,18
330,216,659,12:53,4629,14:52,9
331,162,9308,12:23,7037,11:10,11
332,60,4619,14:43,11554,14:22,22
333,39,6277,11:36,3441,11:51,19
334,202,6056,11:29,2803,11:54,24
335,123,7977,11:47,285,12:35,2
336,133,6596,11:40,1156,14:27,17
337,112,4490,11:24,8458,14:42,10
338,122,1798,12:32,10374,14:33,11
339,236,11075,11:29,6712,13:42,21
340,95,5869,13:26,6994,12:56,15
341,167,12250,13:30,11647,12:10,19
342,209,1374,11:35,11769,14:27,22
343,212,3217,14:43,10865,11:48,16
344,158,8356,12:34,9333,14:24,19
345,118,9140,12:25,7001,11:50,15
346,140,6214,14:23,3325,14:13,8
347,110,9637,11:37,8781,11:29,2
348,172,7338,13:45,1502,12:01,13
349,164,1063,13:56,3566,13:33,4
350,169,2295,14:40,10511,14:45,5
351,220,4136,14:36,5689,11:16,12
352,45,9289,12:19,4197,14:09,6
353,218,11928,14:00,84,12:47,13
354,199,6944,14:30,4751,12:48,16
355,233,11942,14:31,9202,12:39,8
356,52,6533,14:33,8231,11:33,9
357,143,3137,14:06,4322,12:51,21
358,32,7448,11:39,12334,14:26,18
359,159,9616,14:08,9651,14:03,20
360,244,2884,13:02,10183,14:28,13
361,80,5597,12:26,11107,12:19,20
362,13,6927,14:04,7045,11:24,23
363,221,8339,12:36,2848,12:49,4
364,104,10776,13:57,3647,12:12,7
365,161,6998,14:36,12640,14:26,20
366,206,6387,11:48,6074,11:38,6
367,199,3957,14:56,5420,11:18,18
368,164,9535,11:10,3283,11:09,15
369,226,9057,11:58,6583,12:33,10
370,156,3455,11:22,3451,11:52,14
371,165,12001,13:08,3270,12:31,24
372,146,9260,14:12,1276,12:48,7
373,55,9265,13:57,1628,11:03,19
374,36,8840,13:26,3222,11:37,16
375,78,11239,11:45,3694,12:26,10
376,105,2336,11:11,6098,14:04,12
377,16,1742,14:27,11485,13:42,9
378,242,1295,14:37,453,14:50,9
379,44,1477,11:21,3139,12:35,17
380,166,3288,14:05,11098,11:27,14
381,198,7006,14:25,3557,11:19,13
382,59,11841,13:16,8650,11:26,1
383,78,1953,11:13,7464,11:58,6
384,106,2032,14:28,6083,12:45,12
385,60,8496,13:30,7226,12:16,12
386,246,759,12:09,7995,14:02,14
387,35,9584,14:28,10995,14:23,7
388,80,7967,12:29,560,13:42,8
389,166,2057,14:15,5070,11:18,23
390,164,3499,13:45,832,14:33,3
391,169,1991,14:09,7270,14:44,2
392,58,9771,11:25,12607,13:10,17
393,25,8895,13:38,2560,12:15,14
394,42,5455,12:05,12262,13:02,5
395,153,6630,12:46,8235,14:41,15
396,59,8290,14:40,8135,11:44,19
397,115,2151,14:00,10082,13:29,18
398,206,4840,14:35,10392,11:08,6
399,101,4624,13:15,418,12:33,4
400,231,3109,14:14,10456,13:48,21
401,69,8818,11:01,9794,11:09,20
402,24,4742,12:32,6071,14:02,14
403,120,3296,14:11,4286,14:28,18
404,75,8723,13:05,10520,11:06,24
405,214,2990,14:59,3778,13:46,14
406,101,2808,14:01,11618,11:46,1
407,134,8448,11:26,7716,14:49,17
408,58,9175,14:11,4932,11:08,11
409,36,10477,11:32,66,13:30,7
410,231,8928,14:55,4511,13:45,11
411,182,12312,14:32,6258,12:17,4
412,196,12629,11:16,7944,12:13,6
413,158,9403,11:52,373,14:33,2
414,130,6860,14:21,8169,12:03,13
415,183,9988,13:07,4795,13:49,16
416,173,6986,11:13,4713,12:14,2
417,25,5071,11:08,7969,11:39,8
418,116,520,11:35,4656,14:10,1
419,77,11749,13:23,3725,14:31,4
420,82,10066,12:56,3413,12:33,13
421,218,7987,14:56,9559,12:28,1
422,86,7676,12:42,10932,11:13,12
423,15,8583,13:22,8496,11:05,9
424,103,8815,12:52,4207,12:03,8
425,53,4938,14:07,7468,11:24,18
426,47,1748,12:02,2757,14:35,22
427,132,4409,14:32,233,12:04,8
428,209,986,14:45,11057,14:09,20
429,40,6565,12:41,9577,12:22,2
430,13,6506,14:06,6859,12:32,24
431,197,6382,11:12,6481,12:58,2
432,65,1422,13:05,286,14:21,18
433,74,12205,14:02,1466,13:27,19
434,124,2247,14:20,9489,11:29,24
435,93,11502,11:31,5597,14:59,15
436,16,4552,13:57,3255,13:45,13
437,3,10611,13:12,7035,14:12,17
438,92,1917,12:50,7201,14:52,18
439,212,11664,13:38,4374,12:48,1
440,189,6305,11:46,9190,11:15,11
441,141,10960,11:42,11945,12:36,2
442,71,11512,14:37,7008,14:00,17
443,87,594,12:00,1977,13:41,18
444,25,4207,12:07,719,14:31,14
445,238,9854,14:11,1247,12:56,23
446,152,10501,11:48,10741,14:57,2
447,209,8654,13:48,9922,12:14,17
448,24,4182,11:05,4226,14:04,23
449,154,10103,11:02,2928,11:15,12
450,134,823,11:32,6788,11:37,20
451,181,10812,11:48,1805,14:03,9
452,1,11730,12:13,12588,12:28,23
453,172,9617,11:49,11848,11:36,23
454,39,2994,11:38,913,12:32,19
455,62,8172,12:32,8722,14:50,15
456,156,3087,11:37,11563,11:11,3
457,135,10877,14:26,4342,13:58,21
458,242,10533,11:49,7379,13:16,15
459,85,3822,12:01,964,13:38,19
460,240,9015,12:23,6735,13:13,3
461,24,8154,13:30,4552,13:40,19
462,36,7627,12:08,10335,11:57,2
463,125,7415,14:56,6605,11:10,6
464,27,285,11:06,12155,13:55,17
465,143,1398,12:42,3273,14:29,12
466,32,6938,12:15,3828,11:21,18
467,19,10751,13:18,4289,14:44,12
468,94,1592,11:32,12218,12:51,11
469,244,9812,11:19,2099,11:02,19
470,135,10185,13:45,3425,14:10,21
471,30,8208,12:40,3224,12:37,13
472,151,11913,13:34,6759,11:40,12
473,126,5239,11:22,10296,11:16,6
474,85,1644,11:58,6757,12:53,17
475,211,10078,12:25,10079,12:46,3
476,74,2164,14:06,10784,13:46,13
477,157,6864,14:14,9477,11:46,17
478,124,4327,13:29,4997,14:35,19
479,110,8742,14:44,2139,11:03,15
480,29,5095,13:23,6182,14:29,18
481,45,8324,11:35,11332,12:17,10
482,26,6325,13:34,8194,12:48,7
483,123,10909,14:34,7705,13:33,4
484,81,8073,11:55,10779,11:51,19
485,73,1087,12:05,10619,13:57,8
486,127,10496,14:18,10017,14:40,22
487,119,2200,12:34,6791,11:08,3
488,204,9988,12:38,2061,13:27,8
489,58,3154,13:10,914,11:43,12
490,156,8510,13:19,10037,11:54,14
491,173,1538,13:22,9584,11:29,6
492,120,627,13:54,3056,14:00,13
493,1,731,12:06,10173,12:17,13
494,173,6278,11:13,2494,13:13,21
495,114,12251,12:15,3226,13:17,1
496,191,5324,14:17,6671,13:36,18
497,166,7310,11:26,5907,12:43,19
498,39,12406,14:51,8270,13:22,16
499,197,11488,12:06,368,11:07,11
500,192,5827,13:25,6506,13:09,18
501,234,11426,14:19,6831,14:55,17
502,200,5481,14:31,134,14:06,12
503,198,9941,11:45,1626,13:27,19
504,7,8318,11:20,8844,12:57,21
505,184,9364,12:35,12582,12:39,22
506,45,271,14:04,5998,12:06,3
507,69,10773,11:27,3637,14:12,16
508,143,1174,13:54,6867,14:41,9
509,66,8911,13:33,2694,14:30,4
510,25,9675,11:56,11444,14:56,18
511,53,2569,11:28,3491,13:00,12
512,230,4944,11:03,12106,14:35,19
513,74,3085,13:41,805,11:43,7
514,154,5271,11:04,9274,11:49,9
515,58,12269,12:29,6253,11:22,5
516,95,6664,11:28,8632,14:55,21
517,182,7890,13:57,1428,12:35,3
518,177,7635,13:49,8087,11:16,10
519,8,6106,13:45,1841,13:51,8
520,165,288,12:37,9513,13:25,4
521,159,2614,12:27,8194,14:15,20
522,166,408,12:30,5165,14:52,6
523,165,11220,12:51,7071,13:53,17
524,83,8145,11:36,6296,13:40,2
525,232,10722,14:42,351,12:53,4
526,227,961,14:59,12157,13:08,19
527,243,10175,13:14,10200,11:18,14
528,87,3976,11:49,9439,13:34,13
529,172,11741,11:41,7536,11:31,2
530,41,6471,11:59,6267,11:29,20
531,167,4282,11:55,8810,11:28,9
532,99,6897,13:20,1603,14:44,4
533,156,4395,12:16,4834,14:37,7
534,206,4362,11:08,1289,12:25,14
535,86,4515,14:33,1952,11:48,12
536,246,450,11:20,110,11:42,1
537,24,3937,14:04,213,14:01,9
538,152,11305,14:20,7907,13:27,8
539,174,3514,11:48,5538,13:43,15
540,65,12028,14:13,821,13:27,4
541,98,2129,11:06,1375,14:24,16
542,114,13,11:14,5002,14:00,22
543,86,961,11:00,2009,14:36,3
544,114,173,12:38,9305,12:22,8
545,239,2477,12:36,189,13:00,9
546,180,11615,13:00,6765,14:29,19
547,39,9169,14:38,11181,13:48,24
548,124,6066,12:32,6590,12:21,1
549,214,122,13:35,2882,11:59,24
550,173,8937,14:07,5942,13:28,18
551,237,3841,13:24,11907,11:18,14
552,222,4156,13:09,3587,12:56,10
553,112,5549,12:48,11837,12:51,5
554,32,4699,13:41,2773,11:59,12
555,188,11761,11:37,1842,13:46,10
556,9,9072,11:00,11328,12:25,14
557,237,560,12:29,1015,13:07,10
558,107,3778,14:10,11122,11:49,14
559,147,12207,14:51,6300,11:45,19
560,16,4455,13:59,7901,13:39,19
561,144,8739,13:29,12493,11:48,10
562,32,10914,14:51,4758,11:48,3
563,59,4771,14:09,8615,13:10,9
564,7,5631,14:12,266,14:13,13
565,225,8552,11:54,7928,13:20,10
566,46,6091,14:46,2234,12:28,3
567,228,12537,13:53,9728,11:06,15
568,25,12158,12:24,4905,14:45,24
569,65,353,12:54,6677,11:24,4
570,242,9643,11:56,4444,11:24,19
571,196,3000,12:30,2472,13:35,8
572,110,5042,11:42,12463,14:15,11
573,41,1292,12:23,6955,11:56,4
574,244,6213,13:40,9466,14:44,2
575,35,7910,11:00,5885,13:58,4
576,232,1847,14:54,5879,14:25,18
577,83,463,14:45,8194,14:33,23
578,185,7108,11:25,8452,14:42,10
579,242,10223,12:32,7562,13:59,21
580,22,3715,13:41,3466,14:56,12
581,234,4646,14:20,7758,13:41,5
582,84,3621,11:35,11774,11:07,7
583,21,9055,12:15,3803,14:22,23
584,74,9237,11:04,5897,13:23,13
585,111,6801,14:56,2394,11:26,16
586,210,1812,12:36,2251,12:12,15
587,81,571,12:26,7880,11:41,3
588,91,3830,14:33,4983,12:47,17
589,38,1054,13:38,717,13:59,19
590,144,9780,12:55,622,11:36,5
591,154,1014,11:43,10299,14:14,16
592,117,5826,11:13,12102,14:52,8
593,28,3297,11:15,12458,13:56,21
594,97,4213,11:23,10573,13:51,14
595,135,3391,14:16,5351,11:21,18
596,129,5897,11:10,12410,13:26,15
597,181,8698,12:06,10456,13:53,17
598,192,6030,12:03,555,12:36,18
599,146,11687,12:18,12114,11:02,3
600,112,8574,14:40,3060,14:10,1
601,88,2250,13:54,10357,12:00,24
602,161,5489,13:42,1857,11:11,19
603,43,10656,13:56,1576,14:42,19
604,60,3543,14:15,4131,12:16,20
605,235,4646,12:04,4710,11:55,1
606,151,1819,13:48,6377,13:37,24
607,96,11721,12:13,7248,13:33,13
608,140,3445,12:45,7680,12:19,17
609,83,5119,13:18,8131,11:23,4
610,99,3694,14:55,9218,11:32,11
611,136,4236,11:19,4368,13:45,7
612,2,11836,12:30,221,14:42,14
613,82,6705,11:27,8074,14:41,9
614,43,6923,12:42,7517,14:54,23
615,185,6081,13:55,10329,13:16,16
616,110,3840,11:23,10004,14:20,22
617,88,4505,11:09,3106,11:02,19
618,216,7502,14:32,8625,12:29,7
619,205,3198,14:02,11710,14:17,20
620,183,7270,12:11,12166,12:23,7
621,145,4518,13:29,895,12:19,3
622,47,4700,14:25,8307,13:30,18
623,154,9493,13:03,5045,11:11,4
624,242,5757,13:16,11735,13:40,7
625,75,7006,12:47,7806,12:35,3
626,47,5559,12:42,345,14:31,2
627,37,157,13:30,5598,12:52,19
628,184,9423,11:32,10024,14:24,1
629,138,7128,14:23,3637,11:22,18
630,198,5020,14:11,12651,12:31,9
631,186,8321,14:47,11692,13:53,18
632,114,10078,13:54,9606,13:12,10
633,16,1642,14:19,1116,13:27,24
634,130,11614,11:04,12567,12:27,3
635,78,9513,11:53,643,11:25,14
636,48,2744,14:07,890,14:09,4
637,139,602,11:10,1548,14:57,13
638,119,9046,12:29,3298,12:08,24
639,172,11685,14:08,3241,11:29,22
640,246,9207,11:52,2385,12:51,14
641,68,4003,14:35,2702,14:28,1
642,79,9378,14:56,2333,12:27,14
643,97,10297,14:22,12611,14:53,14
644,27,6059,14:34,4536,11:14,1
645,207,9944,12:38,4856,12:59,10
646,39,7324,12:29,6897,14:07,17
647,82,11741,13:50,815,14:33,11
648,192,10637,11:50,10443,12:31,10
649,93,11990,11:36,3171,11:47,6
650,236,10644,12:48,307,11:33,17
651,69,2099,12:35,1021,11:06,20
652,182,9331,12:47,1733,13:27,8
653,202,2710,13:49,10422,13:50,23
654,127,10971,13:38,11976,12:24,11
655,55,12259,11:39,1056,11:47,17
656,117,3514,13:40,12087,12:02,17
657,239,10980,11:04,8064,14:54,14
658,14,3766,13:32,10749,14:09,23
659,44,8000,11:27,3423,11:16,10
660,198,8648,14:18,8791,11:24,5
661,234,6826,12:22,1481,11:24,13
662,177,225,12:45,928,11:20,21
663,26,3543,14:47,10055,13:30,24
664,118,2665,14:42,6863,14:06,18
665,11,2194,13:46,1759,13:51,12
666,200,11477,13:47,5180,14:14,2
667,56,9064,13:07,8582,14:54,13
668,130,372,12:50,1125,14:36,21
669,177,1633,14:56,10070,11:29,14
670,246,12529,12:21,2093,11:20,20
671,75,2743,12:58,10177,11:49,9
672,110,10023,11:58,3899,12:35,15
673,123,12409,11:30,4495,14:37,7
674,87,8217,12:45,6917,13:13,21
675,72,5812,13:19,6323,11:00,3
676,25,405,13:41,11115,11:36,1
677,70,7466,12:44,12467,14:34,7
678,22,6944,14:27,1164,11:34,23
679,208,8857,11:43,1180,14:47,18
680,230,1506,12:10,6075,13:25,9
681,204,12501,14:08,12579,12:42,7
682,138,7214,13:02,8686,13:44,5
683,37,12057,13:29,2017,12:11,7
684,66,4052,11:41,12297,11:45,9
685,29,10981,12:21,1493,13:15,23
686,52,9152,11:30,1896,11:30,22
687,98,3601,12:55,551,12:36,24
688,208,8883,12:37,11654,11:40,24
689,205,5489,14:31,11043,14:31,6
690,94,2535,13:13,2790,12:27,23
691,15,3902,12:31,1854,12:20,15
692,124,1878,12:32,4647,12:43,8
693,215,6103,14:29,1933,14:04,23
694,3,12463,11:58,4911,12:48,6
695,136,9672,14:45,7637,14:57,24
696,16,452,14:05,9824,12:49,18
697,191,11769,14:46,7911,14:46,10
698,101,11048,14:36,1997,12:18,10
699,230,7942,11:28,11027,12:35,1
700,185,8926,13:41,7621,14:12,14
701,215,9237,11:20,11580,11:36,19
702,89,6277,11:16,11945,13:13,7
703,140,3786,11:55,735,11:31,22
704,80,2075,11:20,10698,11:06,3
705,210,10436,14:27,4912,12:40,23
706,81,3654,12:48,4657,11:36,8
707,111,438,14:14,8360,12:21,23
708,42,10803,13:05,11496,13:00,9
709,6,10682,12:16,7957,11:11,4
710,240,3826,14:00,7822,12:06,21
711,168,10350,13:31,10499,13:46,10
712,4,8554,14:03,2421,13:10,12
713,168,79,11:15,3185,12:22,10
714,140,2336,11:54,9158,12:06,4
715,26,2630,13:40,3056,12:09,19
716,222,8346,14:23,3852,13:13,4
717,39,6001,14:43,11746,12:10,11
718,8,3520,13:36,5107,14:05,15
719,228,6393,14:35,3106,14:30,13
720,199,1902,14:02,2323,11:02,1
721,19,6730,13:59,11072,14:47,8
722,27,8994,12:48,1088,12:51,12
723,46,1091,13:40,12408,11:41,23
724,30,7978,11:17,11580,11:53,3
725,184,12318,12:52,1963,13:41,7
726,103,7847,12:23,1792,13:09,22
727,190,9913,12:04,9481,11:22,8
728,126,9597,13:40,11976,11:42,5
729,183,3962,14:51,5911,12:48,3
730,19,2089,11:34,9509,11:56,11
731,51,9491,11:04,1691,14:02,20
732,7,11121,14:08,5430,14:54,6
733,50,11432,11:33,2734,13:28,11
734,67,7865,13:09,688,12:47,20
735,149,920,12:45,330,13:37,17
736,199,12014,11:56,1920,12:51,22
737,24,7603,13:51,6259,14:38,19
738,69,6184,14:57,10160,12:29,23
739,34,7487,14:24,7926,13:45,16
740,76,1950,11:21,7670,13:37,7
741,8,5462,13:24,23,13:38,16
742,168,12077,11:46,4740,12:41,3
743,245,6701,14:26,6642,13:44,14
744,87,1015,11:09,1265,11:36,3
745,125,12000,13:04,8838,11:27,19
746,116,10558,12:23,3982,13:33,13
747,173,3959,11:22,2107,12:41,4
748,80,12386,11:19,9110,11:17,11
749,150,4557,12:12,9109,14:47,13
750,28,1572,12:30,1313,11:23,18
751,72,11109,14:49,11672,12:04,16
752,17,11190,14:22,9158,12:48,3
753,103,6568,12:46,286,11:49,11
754,162,8255,12:14,12345,14:00,2
755,228,6528,11:11,11836,11:07,21
756,200,3256,14:20,11771,13:37,3
757,108,10332,13:26,5691,13:06,20
758,187,11569,11:17,10451,14:20,5
759,218,3211,12:22,9391,14:09,12
760,108,2702,13:32,4677,12:40,14
761,55,6852,11:50,7807,12:22,6
762,111,917,13:42,11592,11:21,6
763,173,2960,11:38,7262,12:43,10
764,118,1899,13:49,4130,11:55,18
765,112,4915,13:48,4070,14:20,21
766,186,5746,12:23,12507,11:37,4
767,84,10314,14:58,9361,12:39,13
768,16,8300,12:46,10047,14:22,10
769,105,7629,14:49,7236,11:55,12
770,38,4863,13:10,10682,12:20,21
771,103,9159,14:40,11732,14:17,9
772,59,300,11:55,4660,11:24,1
773,148,5464,13:32,11323,11:57,21
774,202,4902,13:21,7034,12:56,4
775,57,12325,11:57,1352,11:08,1
776,31,4529,13:55,3028,12:48,20
777,80,3449,11:01,7004,12:32,21
778,91,6007,14:49,7214,13:35,24
779,25,2310,13:06,2436,12:21,12
780,238,8623,13:33,4075,11:33,18
781,45,4304,11:20,5654,14:01,16
782,94,9693,13:17,2439,13:27,19
783,138,2860,11:56,9250,11:51,16
784,161,5267,14:42,6509,11:58,18
785,42,11593,14:11,4521,11:17,17
786,109,9381,11:17,3408,14:36,10
787,235,4244,12:48,1844,14:58,6
788,85,3660,14:58,2113,12:06,24
789,73,9931,13:34,1533,13:51,2
790,64,7624,11:35,9914,13:07,10
791,144,7050,11:20,9256,14:03,18
792,40,6292,14:51,471,12:06,15
793,99,11071,12:41,10820,13:45,17
794,126,11541,14:57,4162,12:08,7
795,32,2704,11:09,71,12:29,8
796,221,991,14:33,7695,11:29,24
797,163,10309,11:40,2200,13:47,13
798,195,1372,11:35,742,14:05,15
799,86,2177,11:18,11398,13:48,12
800,116,3043,11:12,270,14:27,22
801,189,12643,12:57,4631,12:00,13
802,89,5223,14:44,6733,11:11,7
803,145,11893,11:28,4668,14:56,18
804,49,12086,14:31,1521,12:54,12
805,33,5616,12:20,6127,12:33,16
806,187,6371,12:19,12363,13:40,3
807,14,4574,13:46,2233,12:04,3
808,143,10518,11:19,11299,12:26,13
809,95,7787,11:11,1125,13:41,10
810,186,817,12:29,3365,12:50,8
811,148,9308,14:10,7950,11:58,6
812,54,4924,14:26,9565,13:32,20
813,56,4577,13:32,305,14:25,11
814,104,2272,11:17,11893,14:57,2
815,60,8002,13:44,7549,12:29,21
816,240,7663,12:23,7112,12:47,23
817,78,5457,13:21,11975,14:52,17
818,185,3317,14:39,6329,11:56,10
819,175,11191,12:14,8100,14:47,8
820,75,4566,12:28,6251,13:26,16
821,71,2382,13:44,11910,14:08,20
822,216,10602,14:25,6310,11:21,15
823,20,10405,13:47,7001,11:50,2
824,189,12535,13:00,9707,12:17,9
825,138,4969,12:18,5769,11:10,11
826,11,4850,13:27,8205,14:56,19
827,214,6577,13:28,8461,11:13,20
828,182,8176,13:08,10948,12:47,14
829,176,11894,13:08,5509,13:46,16
830,105,11183,12:58,4496,13:43,17
831,28,11915,14:57,6283,12:01,20
832,172,8321,12:13,7319,13:47,24
833,237,2861,13:41,10838,13:58,23
834,70,12382,13:06,6095,14:50,19
835,192,12089,11:59,11755,12:05,15
836,242,2607,13:34,12427,13:41,13
837,76,9581,11:41,4413,12:46,1
838,54,4944,11:06,4835,12:10,14
839,80,6919,11:27,9089,14:30,13
840,230,10553,13:45,772,14:00,10
841,124,8239,11:58,10265,14:27,15
842,61,8474,14:56,3537,11:33,2
843,140,10754,13:39,11702,12:57,17
844,107,9352,13:05,5719,14:06,22
845,96,1228,14:47,5300,13:53,12
846,42,7732,11:02,7294,13:00,15
847,7,9082,11:36,8232,13:45,23
848,176,7618,13:10,3353,13:51,4
849,107,7152,14:41,6283,12:49,21
850,109,5821,12:45,5455,14:08,14
851,11,10607,12:35,10366,13:31,12
852,126,6189,11:01,1105,13:54,12
853,183,1413,12:39,2303,12:37,14
854,229,687,11:20,5125,13:10,15
855,116,1199,13:14,6602,13:24,17
856,88,9039,13:12,7477,13:17,23
857,5,460,11:22,3462,14:14,6
858,158,7721,11:14,6655,11:03,12
859,33,10969,12:54,3271,11:03,1
860,154,10017,14:52,10616,12:42,17
861,39,4237,14:14,8266,13:30,23
862,206,11125,13:31,7963,14:07,9
863,131,2953,11:42,8982,14:32,7
864,87,3073,11:59,7534,13:41,14
865,90,2933,13:31,7832,11:58,4
866,197,785,14:27,710,12:03,9
867,183,847,14:12,3698,12:59,6
868,246,11885,13:58,3689,13:12,16
869,31,5685,12:44,3043,14:16,7
870,52,12539,13:50,11397,14:06,15
871,107,10622,11:08,10906,14:34,14
872,220,6964,13:35,9067,12:27,23
873,62,4789,11:12,7706,13:19,12
874,193,548,14:16,8292,14:56,23
875,105,5844,11:13,8726,12:00,15
876,233,9022,13:22,2686,12:41,1
877,143,2017,14:47,5523,13:52,9
878,40,9665,11:10,8160,12:28,11
879,44,6900,12:11,5272,13:27,24
880,232,4282,11:11,12010,13:03,2
881,104,4360,11:10,4098,11:12,8
882,94,4277,14:01,11583,14:22,22
883,193,518,14:09,12060,12:32,2
884,162,7937,14:52,5311,14:54,21
885,205,7278,12:40,2000,12:44,5
886,127,7588,14:20,9185,14:54,23
887,95,7271,13:55,10591,13:26,6
888,38,9425,14:41,7410,11:11,1
889,174,6103,14:28,1727,11:26,6
890,202,409,12:44,2598,13:20,1
891,76,8507,14:28,8227,11:30,6
892,7,363,11:13,8949,13:04,4
893,179,797,13:54,4505,11:39,17
894,232,9681,13:37,3429,14:19,13
895,182,797,13:37,4828,11:45,9
896,162,4302,11:37,8943,13:34,11
897,54,2978,11:41,7466,11:10,9
898,3,11125,14:08,12182,12:28,11
899,201,1011,14:53,12037,13:14,10
900,163,4948,12:34,9240,13:32,16
901,244,3944,11:10,734,11:06,11
902,29,9428,13:19,10999,13:13,24
903,51,5681,14:45,1526,14:47,18
904,21,12143,11:16,9323,12:05,11
905,103,1463,14:56,3888,11:19,19
906,118,10840,14:19,8545,11:29,22
907,144,615,11:40,4984,12:52,2
908,219,8313,14:09,7209,13:22,13
909,28,2158,14:50,7060,13:40,14
910,99,6259,13:32,4933,12:40,17
911,132,2093,14:40,4837,12:48,21
912,197,11259,13:12,10207,12:59,15
913,169,9752,11:41,1822,13:03,10
914,156,4421,12:59,7010,13:26,12
915,95,8025,11:06,3164,11:13,9
916,145,7057,14:28,10883,13:42,19
917,229,11139,12:33,7389,11:24,17
918,182,8111,12:05,3598,11:54,15
919,17,5787,12:43,11121,11:01,21
920,171,679,13:00,27,11:22,15
921,148,12476,14:02,2798,13:48,17
922,113,4890,13:27,2184,14:26,23
923,211,8444,11:36,7746,13:28,10
924,166,4423,11:33,5929,11:34,9
925,33,11519,14:22,11299,11:25,5
926,19,7407,14:01,9375,11:30,7
927,224,1294,12:46,3824,11:16,16
928,79,2967,13:05,8297,13:44,24
929,114,8108,12:38,8957,12:26,20
930,238,12655,12:04,4285,12:57,6
931,225,2612,12:06,1846,11:43,11
932,210,473,11:30,7168,11:34,17
933,134,7170,11:36,7785,14:21,4
934,38,10492,12:00,11227,12:27,23
935,185,12045,14:03,3295,11:12,14
936,241,2481,11:05,1236,13:33,19
937,92,6864,11:05,5302,11:31,12
938,196,7844,13:07,11369,12:44,18
939,126,3483,12:41,2199,12:45,12
940,110,11822,14:02,5826,14:55,21
941,201,7267,11:02,3936,11:49,10
942,179,4767,13:04,7543,13:38,5
943,226,9341,14:14,2881,11:39,24
944,122,5649,14:20,8105,11:24,6
945,222,3416,13:19,4411,14:42,22
946,160,10677,11:40,2349,12:08,20
947,236,6065,12:13,8222,14:17,15
948,84,9575,14:46,930,14:26,5
949,13,1900,14:36,9724,12:19,24
950,175,3031,13:12,12256,14:21,1
951,195,11761,14:33,12244,13:36,22
952,94,10942,13:05,3446,12:03,4
953,20,1210,13:22,6713,11:13,15
954,131,3588,12:20,4165,14:58,10
955,205,9426,12:34,2538,13:39,15
956,214,10342,13:47,6879,11:34,19
957,27,85,12:03,109,11:41,18
958,27,1747,13:35,3886,14:11,3
959,196,7714,13:07,2301,13:36,7
960,36,3239,14:42,2798,12:45,23
961,227,6459,13:23,9577,14:23,18
962,78,5867,11:30,1166,11:20,16
963,241,4162,14:30,2085,11:21,23
964,48,12193,14:15,12366,13:11,21
965,54,6656,13:36,4656,14:53,16
966,226,2817,12:51,10304,14:11,11
967,193,6330,11:42,9970,11:54,17
968,39,8893,13:45,2057,11:55,5
969,94,3474,14:16,3872,11:35,19
970,170,8498,11:46,2607,11:33,12
971,164,1090,12:08,9147,11:30,6
972,190,6562,11:40,6562,11:28,4
973,55,3192,12:01,6309,14:02,15
974,77,10210,14:12,10367,14:25,1
975,26,3202,14:10,1758,13:43,11
976,34,11310,13:20,11879,12:53,15
977,232,8815,11:00,1577,14:06,5
978,118,9849,12:23,8644,14:13,18
979,230,8992,14:33,2447,12:57,5
980,173,1024,14:14,7458,13:35,22
981,112,9151,14:33,6397,13:32,15
982,10,9252,12:58,3886,12:14,14
983,66,3833,14:11,8696,14:59,22
984,230,9633,11:40,12376,13:59,20
985,138,5791,13:31,10612,14:55,11
986,121,7835,11:36,11714,13:33,10
987,82,12034,11:30,1460,11:31,13
988,239,299,13:54,11048,13:14,16
989,118,12359,14:58,1470,13:59,23
990,80,2813,13:03,11995,13:38,3
991,13,9967,12:39,4756,14:14,11
992,129,12607,13:54,11490,12:40,7
993,239,2102,13:38,11233,11:38,22
994,68,9265,11:38,10355,14:15,1
995,98,10448,13:19,2404,13:26,23
996,81,7263,12:42,5010,12:38,18
997,19,2381,13:57,10671,12:37,14
998,145,5161,12:04,7321,14:03,1
999,175,3346,11:01,5150,14:04,21
1000,46,3436,14:39,7011,12:15,22
1001,187,11906,11:08,4263,11:10,5
1002,220,7671,13:10,8650,14:02,6
1003,230,9427,11:51,10396,11:54,22
1004,128,2462,11:56,7158,12:29,19
1005,113,6152,12:27,12542,13:15,17
1006,7,10225,14:33,5753,11:05,4
1007,171,6792,12:34,7567,11:28,21
1008,134,776,14:02,5206,13:34,6
1009,104,11777,12:16,1303,14:33,23
1010,145,1423,14:09,11616,14:09,22
1011,100,1760,14:07,1350,12:14,18
1012,87,8107,11:08,8340,14:11,8
1013,155,8624,13:49,11739,12:38,10
1014,5,10084,13:14,11234,11:13,1
1015,218,2771,12:02,12151,14:08,21
1016,143,6997,11:10,5512,13:15,7
1017,239,10130,13:03,3341,14:13,14
1018,239,4545,11:06,4878,14:34,20
1019,103,3944,14:33,11830,12:10,13
1020,105,12463,14:44,2646,13:57,13
1021,122,11829,13:44,5249,14:27,18
1022,151,983,12:22,2722,11:00,18
1023,10,11085,13:22,9292,11:02,8
1024,93,10387,14:54,3516,14:44,13
1025,96,10529,11:33,5323,14:47,12
1026,145,9871,14:19,5234,13:29,3
1027,91,7806,14:25,9876,13:17,4
1028,246,469,14:54,3604,14:42,8
1029,228,638,13:22,6286,12:18,19
1030,37,7021,14:30,787,13:14,23
1031,100,10483,12:45,4555,14:20,21
1032,143,11648,14:03,227,14:59,22
1033,11,5121,11:16,7964,14:45,16
1034,64,1125,11:30,11980,14:59,3
1035,21,4704,13:17,5359,12:17,2
1036,21,9595,13:31,5346,11:34,11
1037,244,8108,12:42,6275,12:25,1
1038,105,466,14:36,7209,13:54,6
1039,139,3709,13:43,7637,13:51,10
1040,194,706,11:52,8888,13:28,8
1041,26,11305,11:35,9937,12:34,1
1042,64,11426,11:01,2903,11:29,10
1043,32,2280,14:58,2955,13:51,11
1044,84,373,14:23,4052,13:26,8
1045,121,4459,11:01,8254,11:50,13
1046,194,10827,11:10,5676,13:17,2
1047,90,6370,13:06,9606,12:32,17
1048,226,6285,12:21,2679,11:47,15
1049,147,5410,14:38,11768,13:10,10
1050,54,10357,11:45,8162,13:24,5
1051,105,8739,12:40,10589,11:00,24
1052,188,6635,14:54,6037,13:18,16
1053,229,7574,14:36,9170,11:17,15
1054,188,5518,13:45,1476,12:10,17
1055,3,2166,11:54,12448,12:23,13
1056,51,9916,11:46,4262,14:59,9
1057,91,765,11:06,6101,14:04,17
1058,5,12408,14:02,8213,14:52,12
1059,197,9905,12:35,3679,12:11,22
1060,72,174,13:14,7243,13:35,15
1061,126,1904,12:17,4118,12:44,10
1062,202,967,12:02,11276,14:54,9
1063,52,11046,12:07,3460,14:44,4
1064,217,2039,13:51,5240,14:15,2
1065,242,12089,11:47,9711,11:04,23
1066,6,6308,11:50,2377,13:22,18
1067,39,9447,14:41,6326,12:28,5
1068,218,1092,11:56,12512,13:07,22
1069,237,1500,12:21,4555,12:00,6
1070,144,5841,13:23,10559,13:34,15
1071,170,2196,13:12,5923,11:55,6
1072,228,3845,13:22,227,13:59,19
1073,126,8958,12:47,5576,14:01,14
1074,10,9793,14:39,1124,12:08,11
1075,172,56,12:56,3884,13:22,10
1076,121,706,13:37,6686,11:48,4
1077,231,9780,13:25,3335,13:03,22
1078,107,6578,11:02,12566,13:36,18
1079,76,6171,14:30,12649,13:54,1
1080,229,7669,14:46,6230,12:37,7
1081,203,4407,12:38,1046,13:58,15
1082,172,363,11:52,12556,14:31,13
1083,36,6124,13:54,9121,14:29,15
1084,191,945,12:52,6563,14:45,7
1085,203,11492,11:51,10421,12:35,11
1086,3,10160,14:24,6501,11:41,17
1087,14,11326,12:14,5124,13:15,17
1088,72,6035,14:22,4123,13:59,3
1089,239,7271,11:53,6038,11:28,15
1090,208,9984,13:41,4128,14:59,12
1091,119,12256,11:08,2260,13:00,12
1092,238,3442,13:44,9371,12:50,11
1093,51,389,12:24,12377,12:37,7
1094,221,3971,13:01,11130,14:27,24
1095,201,1848,12:43,3975,13:05,19
1096,216,2315,11:23,2974,12:29,5
1097,177,7298,14:10,7776,13:48,11
1098,116,8209,12:30,10589,13:12,5
1099,203,9141,11:14,7152,12:16,19
1100,137,11118,13:17,6960,14:23,9
1101,63,5294,14:21,7382,12:33,14
1102,243,11035,11:59,7664,12:37,7
1103,178,1349,13:19,315,14:55,2
1104,147,3666,13:30,1433,11:13,23
1105,235,7324,11:27,6566,12:14,8
1106,242,7526,14:07,213,13:38,20
1107,21,2270,11:11,992,14:28,9
1108,83,854,11:57,9697,11:44,8
1109,60,3325,13:50,12282,14:01,20
1110,173,7433,13:10,9937,12:11,3
1111,233,1703,12:07,11588,11:41,12
1112,83,4110,13:29,792,13:20,18
1113,223,9949,14:18,8859,14:21,12
1114,191,3764,13:30,10608,11:31,4
1115,73,2809,11:15,11595,14:30,21
1116,230,7334,14:58,2206,11:14,8
1117,114,9005,11:10,5433,13:27,16
1118,157,10694,11:51,2668,12:51,10
1119,164,12126,13:55,9608,14:04,8
1120,74,2761,11:00,2470,12:26,2
1121,51,10909,11:19,6656,12:49,19
1122,130,8402,13:02,7381,12:25,7
1123,238,7816,11:29,11535,13:54,16
1124,22,11919,11:16,9668,12:28,7
1125,52,12494,11:46,8959,11:36,3
1126,200,12402,14:42,4132,11:32,13
1127,196,3319,12:13,6063,14:31,5
1128,18,10466,11:28,8806,14:32,9
1129,154,10611,14:45,6485,11:17,22
1130,1,3840,14:59,9220,13:28,3
1131,240,2034,11:53,7341,11:41,19
1132,12,10800,11:56,1816,13:42,23
1133,48,6947,11:49,827,12:39,1
1134,96,11435,14:13,2930,13:26,21
1135,73,5799,14:26,3062,12:09,15
1136,110,10327,12:51,926,12:29,23
1137,217,9028,11:04,1643,14:02,10
1138,161,12146,14:02,10232,13:05,20
1139,225,462,13:07,5779,14:35,2
1140,139,3092,11:37,6731,13:05,1
1141,236,11441,13:34,4424,11:47,16
1142,54,6174,12:19,3049,12:18,13
1143,121,2417,12:51,2625,11:33,5
1144,45,3702,12:09,5417,11:31,5
1145,128,8640,11:22,801,11:05,7
1146,216,9923,11:54,1559,13:48,3
1147,1,5993,14:03,12015,14:42,8
1148,134,708,12:45,3421,14:23,23
1149,87,11651,13:52,6560,14:46,16
1150,124,2415,11:39,11775,12:41,20
1151,213,907,11:02,2882,13:13,7
1152,88,319,14:51,6818,11:05,11
1153,201,8221,14:00,2579,11:38,18
1154,87,251,13:29,1045,11:19,19
1155,11,7423,12:26,8589,11:07,4